id,title,completed
161,ex hic consequuntur earum omnis alias ut occaecati culpa,True
162,omnis laboriosam molestias animi sunt dolore,True
163,natus corrupti maxime laudantium et voluptatem laboriosam odit,False
164,reprehenderit quos aut aut consequatur est sed,False
165,fugiat perferendis sed aut quidem,False
166,quos quo possimus suscipit minima ut,False
167,et quis minus quo a asperiores molestiae,False
168,recusandae quia qui sunt libero,False
169,ea odio perferendis officiis,True
170,quisquam aliquam quia doloribus aut,False
171,fugiat aut voluptatibus corrupti deleniti velit iste odio,True
172,et provident amet rerum consectetur et voluptatum,False
173,harum ad aperiam quis,False
174,similique aut quo,False
175,laudantium eius officia perferendis provident perspiciatis asperiores,True
176,magni soluta corrupti ut maiores rem quidem,False
177,et placeat temporibus voluptas est tempora quos quibusdam,False
178,nesciunt itaque commodi tempore,True
179,omnis consequuntur cupiditate impedit itaque ipsam quo,True
180,debitis nisi et dolorem repellat et,True
